[{"model": "account.customer", "pk": 1, "fields": {"user": null, "name": null, "email": null, "device": "865e7d65-7bb4-4e15-8586-14599f9558ed", "status": true, "created_at": "2020-12-23T17:22:33.990Z", "updated_at": "2020-12-23T17:22:33.990Z"}}, {"model": "account.customer", "pk": 2, "fields": {"user": null, "name": null, "email": null, "device": "7569fbd7-dfa9-4628-b65f-2a4e916c18b4", "status": true, "created_at": "2021-01-06T07:47:42.199Z", "updated_at": "2021-01-06T07:47:42.199Z"}}, {"model": "index.slideinfo", "pk": 1, "fields": {"title": "Fashion", "description": "Last mounth of 2020", "image": "slide_pics/19.jpg", "is_main": false, "is_full_screen": true, "video": "it is you chance", "status": true, "created_at": "2020-12-23T12:03:23.032Z", "updated_at": "2020-12-23T12:03:45.032Z"}}, {"model": "index.slideinfo", "pk": 2, "fields": {"title": "Fashion", "description": "Last mounth of 2020", "image": "slide_pics/20.jpg", "is_main": false, "is_full_screen": true, "video": "Just do it", "status": true, "created_at": "2020-12-23T12:04:21.492Z", "updated_at": "2020-12-23T12:04:21.492Z"}}, {"model": "index.slideinfo", "pk": 3, "fields": {"title": "Kids", "description": "They are our future", "image": "slide_pics/cocuk.jpg", "is_main": true, "is_full_screen": false, "video": null, "status": true, "created_at": "2020-12-23T12:06:02.096Z", "updated_at": "2020-12-23T12:11:50.618Z"}}, {"model": "index.slideinfo", "pk": 4, "fields": {"title": "Womens", "description": "They do 70 percent of shopping", "image": "slide_pics/women.jpg", "is_main": true, "is_full_screen": false, "video": null, "status": true, "created_at": "2020-12-23T12:06:37.473Z", "updated_at": "2020-12-23T12:06:37.473Z"}}, {"model": "index.slideinfo", "pk": 5, "fields": {"title": "Mens", "description": "They are earn money", "image": "slide_pics/men.jpg", "is_main": true, "is_full_screen": false, "video": "woooow", "status": true, "created_at": "2020-12-23T12:10:23.977Z", "updated_at": "2020-12-23T12:10:23.977Z"}}, {"model": "index.slideinfo", "pk": 6, "fields": {"title": "Shoes", "description": "Only for walk", "image": "slide_pics/ayaqqabi.jpg", "is_main": true, "is_full_screen": false, "video": null, "status": true, "created_at": "2020-12-23T12:11:04.990Z", "updated_at": "2020-12-23T12:11:04.990Z"}}, {"model": "index.subscriber", "pk": 1, "fields": {"email": "fuadsuleymanov@outlook.com", "created_at": "2021-01-05T11:59:09.284Z", "updated_at": "2021-01-05T11:59:09.284Z"}}, {"model": "index.subscriber", "pk": 2, "fields": {"email": "fuadpayme@gmail.com", "created_at": "2021-01-05T12:04:08.983Z", "updated_at": "2021-01-05T12:04:08.983Z"}}, {"model": "order.order", "pk": 1, "fields": {"customer": 1, "complete": false, "transaction_id": null, "status": true, "created_at": "2020-12-23T17:22:34.379Z", "updated_at": "2020-12-23T17:22:34.379Z"}}, {"model": "order.order", "pk": 2, "fields": {"customer": 2, "complete": false, "transaction_id": null, "status": true, "created_at": "2021-01-06T07:47:42.473Z", "updated_at": "2021-01-06T07:47:42.473Z"}}, {"model": "order.orderitem", "pk": 1, "fields": {"product": 8, "order": 1, "quantity": 4, "status": true, "created_at": "2020-12-23T17:22:34.450Z", "updated_at": "2020-12-23T17:22:34.481Z"}}, {"model": "product.tag", "pk": 1, "fields": {"title": "clothing", "is_published": true, "created_at": "2020-12-23T12:45:34.897Z", "updated_at": "2020-12-23T12:45:34.897Z"}}, {"model": "product.tag", "pk": 2, "fields": {"title": "shoes", "is_published": true, "created_at": "2020-12-23T12:45:41.845Z", "updated_at": "2020-12-23T12:45:41.845Z"}}, {"model": "product.tag", "pk": 3, "fields": {"title": "pant", "is_published": true, "created_at": "2020-12-23T12:45:51.903Z", "updated_at": "2020-12-23T12:45:51.904Z"}}, {"model": "product.tag", "pk": 4, "fields": {"title": "cap", "is_published": true, "created_at": "2020-12-23T12:45:56.971Z", "updated_at": "2020-12-23T12:45:56.971Z"}}, {"model": "product.tag", "pk": 5, "fields": {"title": "accessories", "is_published": true, "created_at": "2020-12-23T12:46:08.249Z", "updated_at": "2020-12-23T12:46:08.249Z"}}, {"model": "product.tag", "pk": 6, "fields": {"title": "sport", "is_published": true, "created_at": "2020-12-23T12:46:18.271Z", "updated_at": "2020-12-23T12:46:18.271Z"}}, {"model": "product.tag", "pk": 7, "fields": {"title": "running", "is_published": true, "created_at": "2020-12-23T12:46:28.920Z", "updated_at": "2020-12-23T12:46:28.920Z"}}, {"model": "product.tag", "pk": 8, "fields": {"title": "training", "is_published": true, "created_at": "2020-12-23T12:47:11.853Z", "updated_at": "2020-12-23T12:47:11.853Z"}}, {"model": "product.tag", "pk": 9, "fields": {"title": "men", "is_published": true, "created_at": "2020-12-23T12:47:15.778Z", "updated_at": "2020-12-23T12:47:15.778Z"}}, {"model": "product.tag", "pk": 10, "fields": {"title": "women", "is_published": true, "created_at": "2020-12-23T12:47:21.472Z", "updated_at": "2020-12-23T12:47:21.472Z"}}, {"model": "product.tag", "pk": 11, "fields": {"title": "kids", "is_published": true, "created_at": "2020-12-23T12:47:26.710Z", "updated_at": "2020-12-23T12:47:26.710Z"}}, {"model": "product.marka", "pk": 1, "fields": {"title": "Originals", "image": "marka_images/men.jpg", "description": "It is original good", "slug": "originals", "status": true, "created_at": "2020-12-23T12:49:31.583Z", "updated_at": "2020-12-23T12:49:31.583Z"}}, {"model": "product.marka", "pk": 2, "fields": {"title": "Terrex", "image": "marka_images/ayaqqabi.jpg", "description": "So nice goods", "slug": "terrex", "status": true, "created_at": "2020-12-23T12:49:58.308Z", "updated_at": "2020-12-23T12:49:58.308Z"}}, {"model": "product.marka", "pk": 3, "fields": {"title": "Athletics", "image": "marka_images/ayaqqabi_pLeY7b8.jpg", "description": "For athletic humans", "slug": "athletics", "status": true, "created_at": "2020-12-23T12:51:11.728Z", "updated_at": "2020-12-23T12:51:11.728Z"}}, {"model": "product.marka", "pk": 4, "fields": {"title": "Y-3", "image": "marka_images/ayaqqabi_fcb1ruh.jpg", "description": "It is wonderfull", "slug": "y-3", "status": true, "created_at": "2020-12-23T12:51:50.332Z", "updated_at": "2020-12-23T12:51:50.332Z"}}, {"model": "product.sports", "pk": 1, "fields": {"title": "Football", "image": "sport_images/cocuk.jpg", "description": "Most lovely sport in the world", "slug": "football", "status": true, "created_at": "2020-12-23T12:53:03.555Z", "updated_at": "2020-12-23T12:53:03.555Z"}}, {"model": "product.sports", "pk": 2, "fields": {"title": "Basketball", "image": "sport_images/cocuk_ziFPymZ.jpg", "description": "It is fo higth mens", "slug": "basketball", "status": true, "created_at": "2020-12-23T12:53:39.920Z", "updated_at": "2020-12-23T12:53:39.920Z"}}, {"model": "product.sports", "pk": 3, "fields": {"title": "Running", "image": "sport_images/women.jpg", "description": "Just only runing", "slug": "running", "status": true, "created_at": "2020-12-23T12:54:14.166Z", "updated_at": "2020-12-23T12:54:14.166Z"}}, {"model": "product.sports", "pk": 4, "fields": {"title": "Tennis", "image": "sport_images/ayaqqabi.jpg", "description": "It is very nice", "slug": "tennis", "status": true, "created_at": "2020-12-23T12:55:12.242Z", "updated_at": "2020-12-23T12:55:12.242Z"}}, {"model": "product.category", "pk": 2, "fields": {"title": "Men", "image": "categories_images/men_MilUqKn.jpg", "description": "Men is parent category", "slug": "men", "is_main": true, "is_second": false, "is_third": false, "status": true, "created_at": "2020-12-23T13:13:20.369Z", "updated_at": "2020-12-23T13:25:21.063Z", "marka": [4, 3, 2, 1], "sports": [4, 3, 2, 1], "parent": [10, 9, 6]}}, {"model": "product.category", "pk": 4, "fields": {"title": "Women", "image": "categories_images/women.jpg", "description": "Women is parent category", "slug": "women", "is_main": true, "is_second": false, "is_third": false, "status": true, "created_at": "2020-12-23T13:26:59.834Z", "updated_at": "2020-12-23T13:26:59.834Z", "marka": [4, 3, 2, 1], "sports": [4, 3, 2, 1], "parent": [10, 9, 6]}}, {"model": "product.category", "pk": 5, "fields": {"title": "Kids", "image": "categories_images/cocuk.jpg", "description": "Kids is parent category", "slug": "kids", "is_main": true, "is_second": false, "is_third": false, "status": true, "created_at": "2020-12-23T13:28:35.121Z", "updated_at": "2020-12-23T13:28:35.121Z", "marka": [4, 3, 2, 1], "sports": [4, 3, 2, 1], "parent": [10, 9, 6]}}, {"model": "product.category", "pk": 6, "fields": {"title": "Clothing", "image": "categories_images/women_76x6gwW.jpg", "description": "Best sels is here", "slug": "clothing", "is_main": false, "is_second": true, "is_third": false, "status": true, "created_at": "2020-12-23T13:31:07.607Z", "updated_at": "2020-12-23T13:31:07.607Z", "marka": [4, 3, 2, 1], "sports": [4, 3, 2, 1], "parent": [8, 7, 5, 4, 2]}}, {"model": "product.category", "pk": 7, "fields": {"title": "Pants", "image": "categories_images/ayaqqabi.jpg", "description": "Best sels is here", "slug": "pants", "is_main": false, "is_second": false, "is_third": true, "status": true, "created_at": "2020-12-23T13:36:09.317Z", "updated_at": "2020-12-23T13:38:14.523Z", "marka": [4, 3, 2, 1], "sports": [4, 3, 2, 1], "parent": [6]}}, {"model": "product.category", "pk": 8, "fields": {"title": "T-shirt", "image": "categories_images/ayaqqabi_yhTQQFn.jpg", "description": "It is good as daily dress", "slug": "t-shirt", "is_main": false, "is_second": false, "is_third": true, "status": true, "created_at": "2020-12-23T13:39:22.876Z", "updated_at": "2020-12-23T13:39:22.876Z", "marka": [4, 3, 2, 1], "sports": [4, 3, 2, 1], "parent": [6]}}, {"model": "product.category", "pk": 9, "fields": {"title": "Shoes", "image": "categories_images/ayaqqabi_JuzGUpW.jpg", "description": "For walking", "slug": "shoes", "is_main": false, "is_second": true, "is_third": false, "status": true, "created_at": "2020-12-23T13:41:04.451Z", "updated_at": "2020-12-23T13:41:04.451Z", "marka": [4, 3, 2, 1], "sports": [4, 3, 2, 1], "parent": [12, 11, 5, 4, 2]}}, {"model": "product.category", "pk": 10, "fields": {"title": "Accessories", "image": "categories_images/men_PdMhYT1.jpg", "description": "it is extra", "slug": "accessories", "is_main": false, "is_second": true, "is_third": false, "status": true, "created_at": "2020-12-23T13:42:55.244Z", "updated_at": "2020-12-23T13:42:59.652Z", "marka": [4, 3, 2, 1], "sports": [4, 3, 2, 1], "parent": [15, 14, 13, 5, 4, 2]}}, {"model": "product.category", "pk": 11, "fields": {"title": "Makasin", "image": "categories_images/ayaqqabi_XFQhqbM.jpg", "description": "Who walking and working", "slug": "makasin", "is_main": false, "is_second": false, "is_third": true, "status": true, "created_at": "2020-12-23T13:45:52.332Z", "updated_at": "2020-12-23T13:45:52.332Z", "marka": [4, 3, 2, 1], "sports": [4, 3, 2, 1], "parent": [9]}}, {"model": "product.category", "pk": 12, "fields": {"title": "Sneakers", "image": "", "description": "For running", "slug": "sneakers", "is_main": false, "is_second": false, "is_third": true, "status": true, "created_at": "2020-12-23T13:46:40.326Z", "updated_at": "2020-12-23T13:59:10.307Z", "marka": [4, 3, 2, 1], "sports": [4, 3, 2, 1], "parent": [9]}}, {"model": "product.category", "pk": 13, "fields": {"title": "scarf", "image": "categories_images/women_IuAyLMc.jpg", "description": "in cold wethers", "slug": "scarf", "is_main": false, "is_second": false, "is_third": true, "status": true, "created_at": "2020-12-23T13:58:10.194Z", "updated_at": "2020-12-23T13:58:30.027Z", "marka": [4, 3, 2, 1], "sports": [4, 3, 2, 1], "parent": [10]}}, {"model": "product.category", "pk": 14, "fields": {"title": "Gloves", "image": "categories_images/cocuk_I15f06Q.jpg", "description": "in cold wethers too", "slug": "gloves", "is_main": false, "is_second": false, "is_third": true, "status": true, "created_at": "2020-12-23T14:00:25.911Z", "updated_at": "2020-12-23T14:00:25.911Z", "marka": [4, 3, 2, 1], "sports": [4, 3, 2, 1], "parent": [10]}}, {"model": "product.category", "pk": 15, "fields": {"title": "Socks", "image": "", "description": "between foot and shoes", "slug": "socks", "is_main": false, "is_second": false, "is_third": true, "status": true, "created_at": "2020-12-23T14:02:05.396Z", "updated_at": "2020-12-23T14:02:09.540Z", "marka": [4, 3, 2, 1], "sports": [4, 3, 2, 1], "parent": [10]}}, {"model": "product.product", "pk": 1, "fields": {"category": 15, "color_title": "Red", "color_code": "#FF0000", "title": "Superoni", "slug": "superoni", "sku": "000001", "description": "Wonderful color and high quality", "sale_count": 0, "is_new": true, "is_featured": false, "is_discount": false, "price": "5.00", "discount_type": 1, "discount_value": null, "status": true, "created_at": "2020-12-23T15:52:13.144Z", "updated_at": "2020-12-23T16:02:48.179Z", "tags": [10, 9, 8, 7], "same_product": [], "who_like": []}}, {"model": "product.product", "pk": 2, "fields": {"category": 14, "color_title": "Green", "color_code": "#008000", "title": "Glovini", "slug": "glovini", "sku": "000002", "description": "Wonderful color and high quality", "sale_count": 0, "is_new": true, "is_featured": false, "is_discount": false, "price": "7.00", "discount_type": 1, "discount_value": null, "status": true, "created_at": "2020-12-23T15:56:53.098Z", "updated_at": "2020-12-23T16:02:34.326Z", "tags": [11, 10, 9, 8, 7, 6], "same_product": [], "who_like": []}}, {"model": "product.product", "pk": 3, "fields": {"category": 13, "color_title": "Gray", "color_code": "#808080", "title": "Scarini", "slug": "scarini", "sku": "000003", "description": "Wonderful color and high quality", "sale_count": 0, "is_new": true, "is_featured": false, "is_discount": false, "price": "15.00", "discount_type": 1, "discount_value": null, "status": true, "created_at": "2020-12-23T15:59:20.723Z", "updated_at": "2020-12-23T16:01:57.551Z", "tags": [11, 10, 9, 8, 7, 6], "same_product": [], "who_like": []}}, {"model": "product.product", "pk": 4, "fields": {"category": 12, "color_title": "Gray", "color_code": "#808080", "title": "Snekerini", "slug": "snekerini", "sku": "000004", "description": "Wonderful color and high quality", "sale_count": 0, "is_new": true, "is_featured": false, "is_discount": false, "price": "55.00", "discount_type": 1, "discount_value": null, "status": true, "created_at": "2020-12-23T16:01:44.533Z", "updated_at": "2020-12-23T16:01:46.787Z", "tags": [4, 3, 2, 1], "same_product": [], "who_like": []}}, {"model": "product.product", "pk": 5, "fields": {"category": 11, "color_title": "Black", "color_code": "#000000", "title": "Makasini", "slug": "makasini", "sku": "000005", "description": "Wonderful color and high quality", "sale_count": 0, "is_new": true, "is_featured": false, "is_discount": false, "price": "45.00", "discount_type": 1, "discount_value": null, "status": true, "created_at": "2020-12-23T16:05:33.307Z", "updated_at": "2020-12-23T16:47:03.947Z", "tags": [11, 10, 9, 8], "same_product": [], "who_like": []}}, {"model": "product.product", "pk": 6, "fields": {"category": 8, "color_title": "Black", "color_code": "#000000", "title": "Zorini", "slug": "zorini", "sku": "000006", "description": "Nice one and soo pretty", "sale_count": 0, "is_new": true, "is_featured": false, "is_discount": false, "price": "28.00", "discount_type": 1, "discount_value": null, "status": true, "created_at": "2020-12-23T16:53:00.143Z", "updated_at": "2020-12-23T17:00:23.100Z", "tags": [8, 6, 1], "same_product": [9, 8, 7], "who_like": []}}, {"model": "product.product", "pk": 7, "fields": {"category": 8, "color_title": "Gray", "color_code": "#808080", "title": "Zorini", "slug": "zorini-2", "sku": "000007", "description": "Nice one and soo pretty", "sale_count": 0, "is_new": true, "is_featured": false, "is_discount": false, "price": "28.00", "discount_type": 1, "discount_value": null, "status": true, "created_at": "2020-12-23T17:03:57.884Z", "updated_at": "2020-12-23T17:03:57.884Z", "tags": [9, 8, 7, 6], "same_product": [9, 8, 6], "who_like": []}}, {"model": "product.product", "pk": 8, "fields": {"category": 8, "color_title": "White", "color_code": "#FFFFFF", "title": "Zorini", "slug": "zorini-3", "sku": "000008", "description": "Nice one and soo pretty", "sale_count": 0, "is_new": true, "is_featured": false, "is_discount": false, "price": "14.00", "discount_type": 1, "discount_value": null, "status": true, "created_at": "2020-12-23T17:06:34.762Z", "updated_at": "2020-12-23T17:06:34.762Z", "tags": [9, 8, 7, 6, 1], "same_product": [9, 7, 6], "who_like": []}}, {"model": "product.product", "pk": 9, "fields": {"category": 8, "color_title": "Pink", "color_code": "#FFC0CB", "title": "Zorini", "slug": "zorini-4", "sku": "000009", "description": "Nice one and soo pretty", "sale_count": 0, "is_new": true, "is_featured": false, "is_discount": false, "price": "30.00", "discount_type": 1, "discount_value": null, "status": true, "created_at": "2020-12-23T17:10:05.929Z", "updated_at": "2020-12-26T12:01:19.655Z", "tags": [9, 8, 7, 6, 1], "same_product": [8, 7, 6], "who_like": []}}, {"model": "product.product_images", "pk": 1, "fields": {"product": 1, "image": "product_images/sock1.png", "is_main": true, "is_second_main": false, "status": true, "created_at": "2020-12-23T15:52:13.367Z", "updated_at": "2020-12-23T16:02:48.187Z"}}, {"model": "product.product_images", "pk": 2, "fields": {"product": 3, "image": "product_images/scarf.jpg", "is_main": true, "is_second_main": false, "status": true, "created_at": "2020-12-23T15:59:20.733Z", "updated_at": "2020-12-23T16:01:57.559Z"}}, {"model": "product.product_images", "pk": 3, "fields": {"product": 4, "image": "product_images/sneak1.jpeg", "is_main": true, "is_second_main": false, "status": true, "created_at": "2020-12-23T16:01:44.551Z", "updated_at": "2020-12-23T16:01:44.551Z"}}, {"model": "product.product_images", "pk": 4, "fields": {"product": 2, "image": "product_images/gloves.jpeg", "is_main": true, "is_second_main": false, "status": true, "created_at": "2020-12-23T16:02:34.336Z", "updated_at": "2020-12-23T16:02:34.336Z"}}, {"model": "product.product_images", "pk": 5, "fields": {"product": 5, "image": "product_images/makasin.jpg", "is_main": true, "is_second_main": false, "status": true, "created_at": "2020-12-23T16:05:33.318Z", "updated_at": "2020-12-23T16:05:33.318Z"}}, {"model": "product.product_images", "pk": 6, "fields": {"product": 6, "image": "product_images/men2.jpg", "is_main": true, "is_second_main": false, "status": true, "created_at": "2020-12-23T16:53:00.152Z", "updated_at": "2020-12-23T16:53:00.152Z"}}, {"model": "product.product_images", "pk": 7, "fields": {"product": 6, "image": "product_images/default2.jpg", "is_main": false, "is_second_main": true, "status": true, "created_at": "2020-12-23T16:53:00.153Z", "updated_at": "2020-12-23T16:53:00.153Z"}}, {"model": "product.product_images", "pk": 8, "fields": {"product": 6, "image": "product_images/men8.jpg", "is_main": false, "is_second_main": false, "status": true, "created_at": "2020-12-23T16:53:00.157Z", "updated_at": "2020-12-23T16:53:00.157Z"}}, {"model": "product.product_images", "pk": 9, "fields": {"product": 7, "image": "product_images/men5.jpg", "is_main": true, "is_second_main": false, "status": true, "created_at": "2020-12-23T17:03:57.956Z", "updated_at": "2020-12-23T17:03:57.956Z"}}, {"model": "product.product_images", "pk": 10, "fields": {"product": 7, "image": "product_images/men12.jpg", "is_main": false, "is_second_main": true, "status": true, "created_at": "2020-12-23T17:03:57.958Z", "updated_at": "2020-12-23T17:03:57.958Z"}}, {"model": "product.product_images", "pk": 11, "fields": {"product": 7, "image": "product_images/men3.jpg", "is_main": false, "is_second_main": false, "status": true, "created_at": "2020-12-23T17:03:57.960Z", "updated_at": "2020-12-23T17:03:57.960Z"}}, {"model": "product.product_images", "pk": 12, "fields": {"product": 8, "image": "product_images/men11.jpg", "is_main": true, "is_second_main": false, "status": true, "created_at": "2020-12-23T17:06:34.774Z", "updated_at": "2020-12-23T17:06:34.775Z"}}, {"model": "product.product_images", "pk": 13, "fields": {"product": 8, "image": "product_images/men12_legHZoe.jpg", "is_main": false, "is_second_main": true, "status": true, "created_at": "2020-12-23T17:06:34.776Z", "updated_at": "2020-12-23T17:06:34.776Z"}}, {"model": "product.product_images", "pk": 14, "fields": {"product": 8, "image": "product_images/men9.jpg", "is_main": false, "is_second_main": false, "status": true, "created_at": "2020-12-23T17:06:34.778Z", "updated_at": "2020-12-23T17:06:34.778Z"}}, {"model": "product.product_images", "pk": 15, "fields": {"product": 9, "image": "product_images/men7.jpg", "is_main": true, "is_second_main": false, "status": true, "created_at": "2020-12-23T17:10:05.940Z", "updated_at": "2020-12-23T17:10:05.940Z"}}, {"model": "product.product_images", "pk": 16, "fields": {"product": 9, "image": "product_images/men3_tEnqgTt.jpg", "is_main": false, "is_second_main": true, "status": true, "created_at": "2020-12-23T17:10:05.942Z", "updated_at": "2020-12-23T17:10:05.942Z"}}, {"model": "product.product_images", "pk": 17, "fields": {"product": 9, "image": "product_images/men6.jpg", "is_main": false, "is_second_main": false, "status": true, "created_at": "2020-12-23T17:10:05.943Z", "updated_at": "2020-12-23T17:10:05.943Z"}}, {"model": "product.product_images", "pk": 18, "fields": {"product": 9, "image": "product_images/men10.jpg", "is_main": false, "is_second_main": false, "status": true, "created_at": "2020-12-23T17:10:05.945Z", "updated_at": "2020-12-23T17:10:05.945Z"}}, {"model": "product.product_sizes", "pk": 1, "fields": {"size": "s", "status": true, "created_at": "2020-12-23T15:47:45.717Z", "updated_at": "2020-12-23T15:47:45.717Z"}}, {"model": "product.product_sizes", "pk": 2, "fields": {"size": "m", "status": true, "created_at": "2020-12-23T15:47:48.743Z", "updated_at": "2020-12-23T15:47:48.743Z"}}, {"model": "product.product_sizes", "pk": 3, "fields": {"size": "l", "status": true, "created_at": "2020-12-23T15:47:52.541Z", "updated_at": "2020-12-23T15:47:52.541Z"}}, {"model": "product.product_sizes", "pk": 4, "fields": {"size": "xl", "status": true, "created_at": "2020-12-23T15:48:00.689Z", "updated_at": "2020-12-23T15:48:00.689Z"}}, {"model": "product.product_sizes_rel", "pk": 1, "fields": {"product": 1, "product_sizes": 1, "in_stock": 2}}, {"model": "product.product_sizes_rel", "pk": 2, "fields": {"product": 1, "product_sizes": 2, "in_stock": 3}}, {"model": "product.product_sizes_rel", "pk": 3, "fields": {"product": 1, "product_sizes": 3, "in_stock": 4}}, {"model": "product.product_sizes_rel", "pk": 4, "fields": {"product": 1, "product_sizes": 4, "in_stock": 5}}, {"model": "product.product_sizes_rel", "pk": 5, "fields": {"product": 2, "product_sizes": 1, "in_stock": 2}}, {"model": "product.product_sizes_rel", "pk": 6, "fields": {"product": 2, "product_sizes": 2, "in_stock": 3}}, {"model": "product.product_sizes_rel", "pk": 7, "fields": {"product": 2, "product_sizes": 3, "in_stock": 4}}, {"model": "product.product_sizes_rel", "pk": 8, "fields": {"product": 2, "product_sizes": 4, "in_stock": 5}}, {"model": "product.product_sizes_rel", "pk": 9, "fields": {"product": 3, "product_sizes": 1, "in_stock": 2}}, {"model": "product.product_sizes_rel", "pk": 10, "fields": {"product": 3, "product_sizes": 2, "in_stock": 3}}, {"model": "product.product_sizes_rel", "pk": 11, "fields": {"product": 3, "product_sizes": 3, "in_stock": 4}}, {"model": "product.product_sizes_rel", "pk": 12, "fields": {"product": 3, "product_sizes": 4, "in_stock": 5}}, {"model": "product.product_sizes_rel", "pk": 13, "fields": {"product": 4, "product_sizes": 1, "in_stock": 2}}, {"model": "product.product_sizes_rel", "pk": 14, "fields": {"product": 4, "product_sizes": 2, "in_stock": 3}}, {"model": "product.product_sizes_rel", "pk": 15, "fields": {"product": 4, "product_sizes": 3, "in_stock": 4}}, {"model": "product.product_sizes_rel", "pk": 16, "fields": {"product": 4, "product_sizes": 4, "in_stock": 5}}, {"model": "product.product_sizes_rel", "pk": 17, "fields": {"product": 5, "product_sizes": 1, "in_stock": 2}}, {"model": "product.product_sizes_rel", "pk": 18, "fields": {"product": 5, "product_sizes": 2, "in_stock": 3}}, {"model": "product.product_sizes_rel", "pk": 19, "fields": {"product": 5, "product_sizes": 3, "in_stock": 4}}, {"model": "product.product_sizes_rel", "pk": 20, "fields": {"product": 5, "product_sizes": 4, "in_stock": 5}}, {"model": "product.product_sizes_rel", "pk": 21, "fields": {"product": 6, "product_sizes": 1, "in_stock": 5}}, {"model": "product.product_sizes_rel", "pk": 22, "fields": {"product": 6, "product_sizes": 2, "in_stock": 6}}, {"model": "product.product_sizes_rel", "pk": 23, "fields": {"product": 6, "product_sizes": 3, "in_stock": 0}}, {"model": "product.product_sizes_rel", "pk": 24, "fields": {"product": 6, "product_sizes": 4, "in_stock": 7}}, {"model": "product.product_sizes_rel", "pk": 25, "fields": {"product": 7, "product_sizes": 1, "in_stock": 5}}, {"model": "product.product_sizes_rel", "pk": 26, "fields": {"product": 7, "product_sizes": 2, "in_stock": 6}}, {"model": "product.product_sizes_rel", "pk": 27, "fields": {"product": 7, "product_sizes": 3, "in_stock": 0}}, {"model": "product.product_sizes_rel", "pk": 28, "fields": {"product": 7, "product_sizes": 4, "in_stock": 7}}, {"model": "product.product_sizes_rel", "pk": 29, "fields": {"product": 8, "product_sizes": 1, "in_stock": 5}}, {"model": "product.product_sizes_rel", "pk": 30, "fields": {"product": 8, "product_sizes": 2, "in_stock": 6}}, {"model": "product.product_sizes_rel", "pk": 31, "fields": {"product": 8, "product_sizes": 3, "in_stock": 0}}, {"model": "product.product_sizes_rel", "pk": 32, "fields": {"product": 8, "product_sizes": 4, "in_stock": 7}}, {"model": "product.product_sizes_rel", "pk": 33, "fields": {"product": 9, "product_sizes": 1, "in_stock": 5}}, {"model": "product.product_sizes_rel", "pk": 34, "fields": {"product": 9, "product_sizes": 2, "in_stock": 6}}, {"model": "product.product_sizes_rel", "pk": 35, "fields": {"product": 9, "product_sizes": 3, "in_stock": 0}}, {"model": "product.product_sizes_rel", "pk": 36, "fields": {"product": 9, "product_sizes": 4, "in_stock": 7}}, {"model": "auth.user", "pk": 1, "fields": {"password": "pbkdf2_sha256$216000$tag5dirO8Fcs$dt8gHrvndkNPlqFEUtlujA3C4n9bBtVg/wgC2RS2GLY=", "last_login": "2021-01-06T07:48:24.258Z", "is_superuser": true, "username": "fuad", "first_name": "", "last_name": "", "email": "fuadpayme@gmail.com", "is_staff": true, "is_active": true, "date_joined": "2020-12-23T09:32:20.948Z", "groups": [], "user_permissions": []}}, {"model": "sessions.session", "pk": "c3lncdcxrq8og77cxj0phnlh9rcjacf4", "fields": {"session_data": ".eJxVjDsOwjAQBe_iGlleHP8o6XMGa71e4wBypDipEHeHSCmgfTPzXiLitta4dV7ilMVFgDj9bgnpwW0H-Y7tNkua27pMSe6KPGiX45z5eT3cv4OKvX5rUpo1JQ2DLcWH4kxxCDYHsgzFZKJgh6RZueDIA9qcEgR1VoAGvVPi_QH1kDgF:1kwkzq:ooC_Vk5oJBoD6DjQiYlvOiE2qmhfKCN6H2jkuc7U1w0", "expire_date": "2021-01-19T11:59:30.349Z"}}, {"model": "sessions.session", "pk": "ex499ak6hvhap3k7hplw9zpz9edvmf0u", "fields": {"session_data": ".eJxVjDsOwjAQBe_iGlleHP8o6XMGa71e4wBypDipEHeHSCmgfTPzXiLitta4dV7ilMVFgDj9bgnpwW0H-Y7tNkua27pMSe6KPGiX45z5eT3cv4OKvX5rUpo1JQ2DLcWH4kxxCDYHsgzFZKJgh6RZueDIA9qcEgR1VoAGvVPi_QH1kDgF:1ksVMi:1bWdfQPoMwPqQlxTStgpsKgfoxQZsU6pRTnSUZ5hfJY", "expire_date": "2021-01-07T18:29:32.218Z"}}, {"model": "sessions.session", "pk": "q3lof29saupnq0c6s5sx0g2108wuolc5", "fields": {"session_data": ".eJxVjDsOwjAQBe_iGlleHP8o6XMGa71e4wBypDipEHeHSCmgfTPzXiLitta4dV7ilMVFgDj9bgnpwW0H-Y7tNkua27pMSe6KPGiX45z5eT3cv4OKvX5rUpo1JQ2DLcWH4kxxCDYHsgzFZKJgh6RZueDIA9qcEgR1VoAGvVPi_QH1kDgF:1kwl4s:LnaoP0TDsl6pq0Wc918QPLfda1oonEThko3lupmIH1w", "expire_date": "2021-01-19T12:04:42.947Z"}}, {"model": "sessions.session", "pk": "qncwkpb5k58262u5m2g5d42bpu68v1c1", "fields": {"session_data": ".eJxVjDsOwjAQBe_iGlleHP8o6XMGa71e4wBypDipEHeHSCmgfTPzXiLitta4dV7ilMVFgDj9bgnpwW0H-Y7tNkua27pMSe6KPGiX45z5eT3cv4OKvX5rUpo1JQ2DLcWH4kxxCDYHsgzFZKJgh6RZueDIA9qcEgR1VoAGvVPi_QH1kDgF:1ks0Vq:aT4uW1WVudUCuVuRJWDMTv3QbkVJ9RK8oQMseej3DVY", "expire_date": "2021-01-06T09:32:54.267Z"}}, {"model": "sessions.session", "pk": "r650jnqbnbn3d8mr3hxvnbewkflyqq24", "fields": {"session_data": ".eJxVjDsOwjAQBe_iGlleHP8o6XMGa71e4wBypDipEHeHSCmgfTPzXiLitta4dV7ilMVFgDj9bgnpwW0H-Y7tNkua27pMSe6KPGiX45z5eT3cv4OKvX5rUpo1JQ2DLcWH4kxxCDYHsgzFZKJgh6RZueDIA9qcEgR1VoAGvVPi_QH1kDgF:1kuYpd:46JLdXbIToW2Xff_uv_DY_G3ipxwzmbcYdAFSM0b83c", "expire_date": "2021-01-13T10:35:53.518Z"}}, {"model": "sessions.session", "pk": "ucjeepizelfzcfykv3usgrkz4y0llq5l", "fields": {"session_data": ".eJxVjDsOwjAQBe_iGlleHP8o6XMGa71e4wBypDipEHeHSCmgfTPzXiLitta4dV7ilMVFgDj9bgnpwW0H-Y7tNkua27pMSe6KPGiX45z5eT3cv4OKvX5rUpo1JQ2DLcWH4kxxCDYHsgzFZKJgh6RZueDIA9qcEgR1VoAGvVPi_QH1kDgF:1kx3YO:yDv18I7xyk3k6GKLqMIS_tJSJjaJIRaWeHW2-BobOw0", "expire_date": "2021-01-20T07:48:24.282Z"}}, {"model": "django_celery_beat.intervalschedule", "pk": 1, "fields": {"every": 15, "period": "seconds"}}, {"model": "django_celery_beat.intervalschedule", "pk": 2, "fields": {"every": 20, "period": "seconds"}}, {"model": "django_celery_beat.crontabschedule", "pk": 2, "fields": {"minute": "0", "hour": "4", "day_of_week": "*", "day_of_month": "*", "month_of_year": "*", "timezone": "Asia/Baku"}}, {"model": "django_celery_beat.crontabschedule", "pk": 3, "fields": {"minute": "19", "hour": "12", "day_of_week": "1", "day_of_month": "*", "month_of_year": "*", "timezone": "Asia/Baku"}}, {"model": "django_celery_beat.periodictasks", "pk": 1, "fields": {"last_update": "2021-01-06T08:21:41.366Z"}}, {"model": "django_celery_beat.periodictask", "pk": 5, "fields": {"name": "Dump DB", "task": "index.tasks.dump_database", "interval": null, "crontab": 3, "solar": null, "clocked": null, "args": "[]", "kwargs": "{}", "queue": null, "exchange": null, "routing_key": null, "headers": "{}", "priority": null, "expires": null, "expire_seconds": null, "one_off": false, "start_time": null, "enabled": false, "last_run_at": null, "total_run_count": 55, "date_changed": "2021-01-06T08:03:05.779Z", "description": ""}}, {"model": "django_celery_beat.periodictask", "pk": 6, "fields": {"name": "celery.backend_cleanup", "task": "celery.backend_cleanup", "interval": null, "crontab": 2, "solar": null, "clocked": null, "args": "[]", "kwargs": "{}", "queue": null, "exchange": null, "routing_key": null, "headers": "{}", "priority": null, "expires": null, "expire_seconds": 43200, "one_off": false, "start_time": null, "enabled": true, "last_run_at": null, "total_run_count": 0, "date_changed": "2021-01-06T08:09:46.585Z", "description": ""}}, {"model": "django_celery_beat.periodictask", "pk": 7, "fields": {"name": "Send email to subscribers", "task": "index.tasks.send_mail_to_subscribers", "interval": null, "crontab": 3, "solar": null, "clocked": null, "args": "[]", "kwargs": "{}", "queue": null, "exchange": null, "routing_key": null, "headers": "{}", "priority": null, "expires": null, "expire_seconds": null, "one_off": false, "start_time": null, "enabled": true, "last_run_at": "2021-01-06T08:19:00.017Z", "total_run_count": 15, "date_changed": "2021-01-06T08:21:45.879Z", "description": ""}}]